,Unnamed: 0,Rating
count,2918.0,2918.0
mean,1458.5,6.321742824735783
std,842.4983679509415,2.152305235083944
min,0.0,0.0
25%,729.25,6.535575221238938
50%,1458.5,6.535575221238938
75%,2187.75,6.535575221238938
max,2917.0,9.6
